case,version,complete,cpu_ms,throughput_mib_s,rss_mib,latency_us,latency_p95_us,latency_p99_us
trojan-tls-socks-upload-1,candidate,True,80,1464.0388313424405,7.515625,,,
trojan-tls-socks-upload-1,singbox,True,120,1399.2508684141694,25.1875,,,
trojan-tls-socks-upload-1,xray,True,140,1595.83669147347,32.515625,,,
trojan-tls-socks-download-1,candidate,True,210,1605.375499524188,7.203125,,,
trojan-tls-socks-download-1,singbox,True,210,1591.4488667354788,26.78125,,,
trojan-tls-socks-download-1,xray,True,210,1603.2654007028377,32.765625,,,
trojan-tls-socks-full-duplex-1,candidate,True,300,2236.4963886261926,7.625,,,
trojan-tls-socks-full-duplex-1,singbox,True,340,1791.5678174080551,26.953125,,,
trojan-tls-socks-full-duplex-1,xray,True,380,1798.6590855996615,33.515625,,,
trojan-tls-socks-tcp-latency-1,candidate,True,40,17.855891189780554,7.15625,76,238,366
trojan-tls-socks-tcp-latency-1,singbox,True,40,18.988049377435026,24.734375,71,235,355
trojan-tls-socks-tcp-latency-1,xray,True,50,18.119366326621726,30.640625,73,246,411
trojan-tls-socks-udp-1,candidate,True,40,16.224972663819923,7.515625,103,318,576
trojan-tls-socks-udp-1,singbox,True,50,16.77291756716498,25.1875,104,300,476
trojan-tls-socks-udp-1,xray,True,80,14.96041202254115,32.765625,114,314,602
trojan-tls-socks-upload-8,candidate,True,1080,2249.9264978235838,10.65625,,,
trojan-tls-socks-upload-8,singbox,True,2580,1907.3267092683857,30.796875,,,
trojan-tls-socks-upload-8,xray,True,1920,1888.3100996122764,37.09375,,,
trojan-tls-socks-download-8,candidate,True,1800,2240.7631440564755,8.484375,,,
trojan-tls-socks-download-8,singbox,True,2350,1622.8764827631278,31.03125,,,
trojan-tls-socks-download-8,xray,True,2250,1673.3236596597008,37.15625,,,
trojan-tls-socks-full-duplex-8,candidate,True,2940,1531.8830879453349,10.921875,,,
trojan-tls-socks-full-duplex-8,singbox,True,3970,1287.4603296963994,33.125,,,
trojan-tls-socks-full-duplex-8,xray,True,3430,1358.5602313001864,38.296875,,,
trojan-tls-socks-tcp-latency-8,candidate,True,190,93.05601153001204,8.078125,132,282,663
trojan-tls-socks-tcp-latency-8,singbox,True,420,76.53531369988238,29.953125,166,306,802
trojan-tls-socks-tcp-latency-8,xray,True,420,77.84367606843571,34.5625,166,314,774
trojan-tls-socks-udp-8,candidate,True,180,73.83925168915854,8.671875,207,342,834
trojan-tls-socks-udp-8,singbox,True,390,71.69348856231508,30.578125,224,417,611
trojan-tls-socks-udp-8,xray,True,510,68.6257986505745,36.9375,233,430,572
ss2022-aes128-socks-upload-1,candidate,True,130,1623.9670435680605,5.359375,,,
ss2022-aes128-socks-upload-1,singbox,True,110,2041.3601413571728,24.5625,,,
ss2022-aes128-socks-upload-1,xray,True,150,2087.9813688117474,32.140625,,,
ss2022-aes128-socks-download-1,candidate,True,160,2078.3318736840547,5.40625,,,
ss2022-aes128-socks-download-1,singbox,True,110,2263.0634453372936,24.875,,,
ss2022-aes128-socks-download-1,xray,True,170,1947.683886979343,32.109375,,,
ss2022-aes128-socks-full-duplex-1,candidate,True,300,2108.9949516180495,5.546875,,,
ss2022-aes128-socks-full-duplex-1,singbox,True,260,2377.1082617279767,25.890625,,,
ss2022-aes128-socks-full-duplex-1,xray,True,300,2224.6401279613,33.546875,,,
ss2022-aes128-socks-tcp-latency-1,candidate,True,40,19.488140673778346,5.140625,75,222,370
ss2022-aes128-socks-tcp-latency-1,singbox,True,50,18.94185835552539,24.0,74,243,344
ss2022-aes128-socks-tcp-latency-1,xray,True,50,19.116018348872043,30.046875,75,245,299
ss2022-aes128-socks-udp-1,candidate,True,30,16.456226374651518,5.65625,106,344,580
ss2022-aes128-socks-udp-1,singbox,True,40,16.12406463228882,24.203125,102,360,602
ss2022-aes128-socks-udp-1,xray,True,90,14.655151482134691,33.265625,119,360,655
ss2022-aes128-socks-upload-8,candidate,True,1500,1877.6034207961377,6.640625,,,
ss2022-aes128-socks-upload-8,singbox,True,1680,2605.0018133572803,30.234375,,,
ss2022-aes128-socks-upload-8,xray,True,1810,2533.5416419188637,39.265625,,,
ss2022-aes128-socks-download-8,candidate,True,1280,2788.5411312587703,6.484375,,,
ss2022-aes128-socks-download-8,singbox,True,1950,2199.891213875642,30.375,,,
ss2022-aes128-socks-download-8,xray,True,2050,2273.0421619154395,38.65625,,,
ss2022-aes128-socks-full-duplex-8,candidate,True,2520,1623.685137169541,7.578125,,,
ss2022-aes128-socks-full-duplex-8,singbox,True,2880,1817.749933126906,32.3125,,,
ss2022-aes128-socks-full-duplex-8,xray,True,3300,1756.8057814241085,39.578125,,,
ss2022-aes128-socks-tcp-latency-8,candidate,True,190,96.9522855143978,5.453125,134,298,532
ss2022-aes128-socks-tcp-latency-8,singbox,True,420,80.42652236005564,27.8125,170,343,489
ss2022-aes128-socks-tcp-latency-8,xray,True,430,80.9619924146826,34.875,167,342,523
ss2022-aes128-socks-udp-8,candidate,True,210,70.0716553120937,6.171875,220,456,706
ss2022-aes128-socks-udp-8,singbox,True,350,67.90763530127317,28.71875,231,471,749
ss2022-aes128-socks-udp-8,xray,True,650,61.11490264186126,36.515625,257,504,765
ss2022-aes256-socks-upload-1,candidate,True,120,1527.0989221574746,5.359375,,,
ss2022-aes256-socks-upload-1,singbox,True,110,2034.1797825573058,24.421875,,,
ss2022-aes256-socks-upload-1,xray,True,150,1975.99029764064,32.734375,,,
ss2022-aes256-socks-download-1,candidate,True,170,1993.816054892248,5.40625,,,
ss2022-aes256-socks-download-1,singbox,True,120,2143.369966847174,24.53125,,,
ss2022-aes256-socks-download-1,xray,True,180,1877.2692408584248,32.234375,,,
ss2022-aes256-socks-full-duplex-1,candidate,True,310,2025.0824817676917,5.53125,,,
ss2022-aes256-socks-full-duplex-1,singbox,True,270,2351.647014108734,26.328125,,,
ss2022-aes256-socks-full-duplex-1,xray,True,310,2211.9560866406437,33.484375,,,
ss2022-aes256-socks-tcp-latency-1,candidate,True,40,18.4491315043892,5.15625,76,252,336
ss2022-aes256-socks-tcp-latency-1,singbox,True,40,19.307794522419844,23.9375,71,241,360
ss2022-aes256-socks-tcp-latency-1,xray,True,50,18.912442631208343,29.96875,74,241,410
ss2022-aes256-socks-udp-1,candidate,True,30,16.299382382238033,5.671875,107,348,576
ss2022-aes256-socks-udp-1,singbox,True,40,16.7190036583338,23.953125,103,324,462
ss2022-aes256-socks-udp-1,xray,True,90,14.995673279626043,33.375,118,360,548
ss2022-aes256-socks-upload-8,candidate,True,1510,1892.4740384441982,6.640625,,,
ss2022-aes256-socks-upload-8,singbox,True,1720,2616.859308783549,30.25,,,
ss2022-aes256-socks-upload-8,xray,True,1870,2570.696643024659,39.140625,,,
ss2022-aes256-socks-download-8,candidate,True,1280,2825.0147853245744,6.46875,,,
ss2022-aes256-socks-download-8,singbox,True,1960,2265.350153115769,30.515625,,,
ss2022-aes256-socks-download-8,xray,True,2110,2319.0953913665862,38.828125,,,
ss2022-aes256-socks-full-duplex-8,candidate,True,2690,1634.0190856788201,7.5625,,,
ss2022-aes256-socks-full-duplex-8,singbox,True,3070,1716.3117724449223,31.703125,,,
ss2022-aes256-socks-full-duplex-8,xray,True,3410,1636.9387865921485,39.71875,,,
ss2022-aes256-socks-tcp-latency-8,candidate,True,190,97.49515449082182,5.453125,136,286,499
ss2022-aes256-socks-tcp-latency-8,singbox,True,430,80.06960690496513,27.953125,170,345,490
ss2022-aes256-socks-tcp-latency-8,xray,True,420,81.53747969273192,34.421875,168,338,493
ss2022-aes256-socks-udp-8,candidate,True,220,70.22274970805313,6.171875,221,466,734
ss2022-aes256-socks-udp-8,singbox,True,350,67.06092481417033,28.734375,233,460,707
ss2022-aes256-socks-udp-8,xray,True,650,60.3333701528338,36.78125,259,507,766
ss2022-chacha20-socks-upload-1,candidate,True,280,585.2491490900306,5.25,,,
ss2022-chacha20-socks-upload-1,singbox,True,370,697.7338419743995,24.6875,,,
ss2022-chacha20-socks-upload-1,xray,True,420,712.0819814867197,32.40625,,,
ss2022-chacha20-socks-download-1,candidate,True,340,718.4522965917016,5.28125,,,
ss2022-chacha20-socks-download-1,singbox,True,410,729.1785348068817,24.515625,,,
ss2022-chacha20-socks-download-1,xray,True,430,687.865245865596,32.4375,,,
ss2022-chacha20-socks-full-duplex-1,candidate,True,600,982.8141886120245,5.4375,,,
ss2022-chacha20-socks-full-duplex-1,singbox,True,700,1362.9974609966164,25.75,,,
ss2022-chacha20-socks-full-duplex-1,xray,True,780,1503.9828403077836,33.78125,,,
ss2022-chacha20-socks-tcp-latency-1,candidate,True,40,17.73587004516546,5.03125,82,242,533
ss2022-chacha20-socks-tcp-latency-1,singbox,True,50,17.85929952574296,24.0,79,238,457
ss2022-chacha20-socks-tcp-latency-1,xray,True,60,18.251322701682245,30.015625,81,245,394
ss2022-chacha20-socks-udp-1,candidate,True,40,15.463626234875976,5.546875,114,357,557
ss2022-chacha20-socks-udp-1,singbox,True,50,16.02081933412779,24.203125,109,307,469
ss2022-chacha20-socks-udp-1,xray,True,90,14.246795666119437,33.34375,124,328,726
ss2022-chacha20-socks-upload-8,candidate,True,2350,1683.1775729738226,6.578125,,,
ss2022-chacha20-socks-upload-8,singbox,True,3890,2550.1903993569777,30.359375,,,
ss2022-chacha20-socks-upload-8,xray,True,3840,2632.4713911608446,42.515625,,,
ss2022-chacha20-socks-download-8,candidate,True,1960,2032.267455526474,6.390625,,,
ss2022-chacha20-socks-download-8,singbox,True,3590,2695.78678011436,30.296875,,,
ss2022-chacha20-socks-download-8,xray,True,3800,2543.5018139371914,40.78125,,,
ss2022-chacha20-socks-full-duplex-8,candidate,True,4560,1688.1850846003908,7.390625,,,
ss2022-chacha20-socks-full-duplex-8,singbox,True,7200,1532.4478095388738,31.921875,,,
ss2022-chacha20-socks-full-duplex-8,xray,True,7550,1739.2989958372114,42.359375,,,
ss2022-chacha20-socks-tcp-latency-8,candidate,True,200,92.95435717972019,5.3125,146,297,411
ss2022-chacha20-socks-tcp-latency-8,singbox,True,450,73.12708375625164,27.734375,190,362,486
ss2022-chacha20-socks-tcp-latency-8,xray,True,430,78.84518492859328,34.59375,178,353,445
ss2022-chacha20-socks-udp-8,candidate,True,250,65.89513271268426,6.046875,235,484,680
ss2022-chacha20-socks-udp-8,singbox,True,390,63.185835272055655,28.28125,248,482,721
ss2022-chacha20-socks-udp-8,xray,True,680,58.546881394780776,36.59375,278,523,746
vmess-aes128-socks-upload-1,candidate,True,250,1349.3942880034367,5.515625,,,
vmess-aes128-socks-upload-1,singbox,True,180,1767.3338289738213,26.78125,,,
vmess-aes128-socks-upload-1,xray,True,150,1974.673775214569,32.453125,,,
vmess-aes128-socks-download-1,candidate,True,220,1498.3933301924042,5.3125,,,
vmess-aes128-socks-download-1,singbox,True,280,1175.6689343835517,26.65625,,,
vmess-aes128-socks-download-1,xray,True,120,2105.2920190937157,32.671875,,,
vmess-aes128-socks-full-duplex-1,candidate,True,440,1480.490666529968,5.515625,,,
vmess-aes128-socks-full-duplex-1,singbox,True,440,1708.437507701733,27.609375,,,
vmess-aes128-socks-full-duplex-1,xray,True,290,2556.669413971073,33.40625,,,
vmess-aes128-socks-tcp-latency-1,candidate,True,40,19.6466825113609,5.28125,77,207,265
vmess-aes128-socks-tcp-latency-1,singbox,True,50,20.192269171671118,24.28125,78,175,264
vmess-aes128-socks-tcp-latency-1,xray,True,50,19.08616837873689,30.203125,80,227,284
vmess-aes128-socks-udp-1,candidate,True,40,17.185191776694907,5.75,108,275,423
vmess-aes128-socks-udp-1,singbox,True,50,17.416306612006526,24.390625,110,277,358
vmess-aes128-socks-udp-1,xray,True,70,15.610945985693945,32.03125,118,293,513
vmess-aes128-socks-upload-8,candidate,True,1390,2913.9438590754603,6.765625,,,
vmess-aes128-socks-upload-8,singbox,True,1900,2506.166245833058,31.625,,,
vmess-aes128-socks-upload-8,xray,True,1920,2556.9274234154227,36.890625,,,
vmess-aes128-socks-download-8,candidate,True,1610,2203.4836831721245,5.6875,,,
vmess-aes128-socks-download-8,singbox,True,2960,1783.2166271889816,29.59375,,,
vmess-aes128-socks-download-8,xray,True,2190,2256.286346199185,36.796875,,,
vmess-aes128-socks-full-duplex-8,candidate,True,3290,1582.0756288179846,6.875,,,
vmess-aes128-socks-full-duplex-8,singbox,True,3880,1593.4590634208294,32.53125,,,
vmess-aes128-socks-full-duplex-8,xray,True,3340,1658.4691625347268,37.75,,,
vmess-aes128-socks-tcp-latency-8,candidate,True,190,98.52410884943545,5.578125,135,312,497
vmess-aes128-socks-tcp-latency-8,singbox,True,440,74.88853578351815,28.328125,187,367,484
vmess-aes128-socks-tcp-latency-8,xray,True,410,81.554467292744,33.75,171,339,478
vmess-aes128-socks-udp-8,candidate,True,200,75.34180043856671,6.21875,210,447,736
vmess-aes128-socks-udp-8,singbox,True,410,69.84013485113167,28.484375,232,461,648
vmess-aes128-socks-udp-8,xray,True,530,65.52753277508954,35.484375,245,468,701
vmess-chacha20-socks-upload-1,candidate,True,280,754.8181383341167,5.484375,,,
vmess-chacha20-socks-upload-1,singbox,True,470,666.4868106881313,27.046875,,,
vmess-chacha20-socks-upload-1,xray,True,420,691.0871022832532,32.515625,,,
vmess-chacha20-socks-download-1,candidate,True,350,687.9531278185335,5.3125,,,
vmess-chacha20-socks-download-1,singbox,True,600,550.5273235646001,27.03125,,,
vmess-chacha20-socks-download-1,xray,True,390,720.0980001621176,32.90625,,,
vmess-chacha20-socks-full-duplex-1,candidate,True,670,802.0539574217939,5.5,,,
vmess-chacha20-socks-full-duplex-1,singbox,True,1000,1087.7285679412237,27.984375,,,
vmess-chacha20-socks-full-duplex-1,xray,True,740,1422.1191817868396,34.71875,,,
vmess-chacha20-socks-tcp-latency-1,candidate,True,40,19.288480364018373,5.28125,80,201,300
vmess-chacha20-socks-tcp-latency-1,singbox,True,50,18.7610916173997,24.328125,79,214,305
vmess-chacha20-socks-tcp-latency-1,xray,True,50,18.35126374142629,30.0625,83,223,301
vmess-chacha20-socks-udp-1,candidate,True,40,16.753498932829416,5.71875,109,273,470
vmess-chacha20-socks-udp-1,singbox,True,60,16.3142678088392,24.390625,114,278,412
vmess-chacha20-socks-udp-1,xray,True,70,15.365236037415286,32.109375,125,292,483
vmess-chacha20-socks-upload-8,candidate,True,2220,1823.3516773967383,6.703125,,,
vmess-chacha20-socks-upload-8,singbox,True,4060,2348.793998016597,33.109375,,,
vmess-chacha20-socks-upload-8,xray,True,3950,2438.113378819783,39.5625,,,
vmess-chacha20-socks-download-8,candidate,True,2290,1772.3167237951357,5.671875,,,
vmess-chacha20-socks-download-8,singbox,True,5150,1852.1346041681365,31.375,,,
vmess-chacha20-socks-download-8,xray,True,3630,2453.92439131361,39.828125,,,
vmess-chacha20-socks-full-duplex-8,candidate,True,4560,1776.8048344621188,6.84375,,,
vmess-chacha20-socks-full-duplex-8,singbox,True,9020,1992.353120110279,35.078125,,,
vmess-chacha20-socks-full-duplex-8,xray,True,7560,2334.7358124418893,52.734375,,,
vmess-chacha20-socks-tcp-latency-8,candidate,True,190,95.18815036009175,5.5625,141,325,511
vmess-chacha20-socks-tcp-latency-8,singbox,True,460,78.58893642607212,28.328125,178,319,464
vmess-chacha20-socks-tcp-latency-8,xray,True,450,75.64514708035729,33.78125,180,375,518
vmess-chacha20-socks-udp-8,candidate,True,200,76.37259858781314,6.203125,211,346,703
vmess-chacha20-socks-udp-8,singbox,True,430,70.31308500486725,28.609375,230,416,637
vmess-chacha20-socks-udp-8,xray,True,530,69.36589425093925,35.171875,243,430,532
vmess-auto-socks-upload-1,candidate,True,250,1343.664799973345,5.5,,,
vmess-auto-socks-upload-1,singbox,True,160,1960.774927356544,26.703125,,,
vmess-auto-socks-upload-1,xray,True,160,1925.7121339888838,32.546875,,,
vmess-auto-socks-download-1,candidate,True,210,1528.9743628029205,5.3125,,,
vmess-auto-socks-download-1,singbox,True,290,1194.857211342731,26.625,,,
vmess-auto-socks-download-1,xray,True,140,2061.3790260111327,32.6875,,,
vmess-auto-socks-full-duplex-1,candidate,True,430,1549.6000618435698,5.53125,,,
vmess-auto-socks-full-duplex-1,singbox,True,410,1834.4364363332036,27.421875,,,
vmess-auto-socks-full-duplex-1,xray,True,270,2567.4573982470874,33.78125,,,
vmess-auto-socks-tcp-latency-1,candidate,True,40,19.150106953316694,5.28125,78,221,320
vmess-auto-socks-tcp-latency-1,singbox,True,50,18.68273474162102,24.359375,76,250,324
vmess-auto-socks-tcp-latency-1,xray,True,50,19.212474887543145,30.171875,76,239,315
vmess-auto-socks-udp-1,candidate,True,40,16.41281512605042,5.796875,104,321,817
vmess-auto-socks-udp-1,singbox,True,50,17.065324292057173,24.359375,105,298,546
vmess-auto-socks-udp-1,xray,True,70,16.827953672584304,32.15625,116,239,352
vmess-auto-socks-upload-8,candidate,True,1340,3038.7499990299884,6.765625,,,
vmess-auto-socks-upload-8,singbox,True,1770,2654.8491862622795,31.53125,,,
vmess-auto-socks-upload-8,xray,True,1890,2748.82202775404,36.828125,,,
vmess-auto-socks-download-8,candidate,True,1480,2432.047690935189,5.703125,,,
vmess-auto-socks-download-8,singbox,True,2790,1871.050825987492,29.921875,,,
vmess-auto-socks-download-8,xray,True,2080,2384.8781472362375,36.453125,,,
vmess-auto-socks-full-duplex-8,candidate,True,3150,1623.4691439047047,6.890625,,,
vmess-auto-socks-full-duplex-8,singbox,True,3670,1658.934932295824,32.109375,,,
vmess-auto-socks-full-duplex-8,xray,True,3300,1730.5159708066265,37.78125,,,
vmess-auto-socks-tcp-latency-8,candidate,True,200,96.45111323319335,5.625,136,294,462
vmess-auto-socks-tcp-latency-8,singbox,True,440,78.86073795794134,28.640625,172,361,525
vmess-auto-socks-tcp-latency-8,xray,True,430,81.0932846648374,33.859375,170,331,498
vmess-auto-socks-udp-8,candidate,True,200,75.81668214154456,6.21875,209,366,724
vmess-auto-socks-udp-8,singbox,True,410,69.46365397065168,28.515625,242,425,509
vmess-auto-socks-udp-8,xray,True,550,66.26825929618283,35.375,240,436,808
