case,candidate_cpu_ms,candidate_throughput_mib_s,candidate_rss_mib,xray_cpu_ms,xray_throughput_mib_s,xray_rss_mib,singbox_cpu_ms,singbox_throughput_mib_s,singbox_rss_mib
vmess-aes128-socks-upload-1,250,1278.7526854493224,5.34375,180,1733.4327989713,32.765625,190,1570.407631199583,26.78125
vmess-aes128-socks-download-1,200,1605.6255398876679,5.21875,130,2042.4445508217648,32.578125,310,1097.96339028072,26.4375
vmess-aes128-socks-full-duplex-1,420,1503.2349263293922,5.40625,330,2345.788462111164,33.234375,460,1663.8097017653606,27.140625
vmess-aes128-socks-tcp-latency-1,40,18.72051145036339,5.203125,50,19.23291536373974,30.171875,50,18.969683995003358,24.28125
vmess-aes128-socks-udp-1,40,17.34517782972886,5.703125,70,15.75762287738853,32.359375,50,16.905700102206723,24.515625
vmess-aes128-socks-upload-8,1440,2752.801022084911,6.71875,1930,2978.2293355135835,38.015625,1740,2931.2936891844674,32.078125
vmess-aes128-socks-download-8,1290,2806.1340577821475,5.578125,1540,3323.010447890454,38.75,2970,1947.654332424112,30.3125
vmess-aes128-socks-full-duplex-8,3100,1599.0853668951263,6.84375,3530,1627.0958065543825,37.640625,4260,1403.2156741980793,32.1875
vmess-aes128-socks-tcp-latency-8,230,79.30284551298156,5.53125,560,65.40329599878793,33.734375,610,60.49606775559588,28.640625
vmess-aes128-socks-udp-8,230,72.0302896889509,6.234375,720,56.97072248137267,35.0,530,61.52683255062014,28.625
vmess-chacha20-socks-upload-1,280,751.1547889885309,5.359375,420,682.2696621375048,32.1875,500,641.5538289387284,26.90625
vmess-chacha20-socks-download-1,340,690.1345351767463,5.21875,380,735.1825542857003,32.671875,600,543.3041437947118,26.8125
vmess-chacha20-socks-full-duplex-1,670,785.5725212181987,5.390625,750,1392.7039888432223,33.984375,1090,1023.0998440180379,27.875
vmess-chacha20-socks-tcp-latency-1,40,18.28347881311177,5.171875,50,18.46172375771303,30.203125,50,18.153258814932027,24.375
vmess-chacha20-socks-udp-1,30,16.820708590880912,5.703125,80,14.694771030011339,32.28125,50,16.696024600141698,24.421875
vmess-chacha20-socks-upload-8,2230,1791.9738945243046,6.78125,4000,2447.3253928243753,39.875,4260,2220.544747160014,32.140625
vmess-chacha20-socks-download-8,2190,1827.540173759093,5.703125,3720,2438.7464182281396,40.265625,5890,1804.6148315399812,30.671875
vmess-chacha20-socks-full-duplex-8,4670,1598.2203928300708,6.84375,7600,1717.0574282466519,38.34375,8560,1426.779287395064,32.734375
vmess-chacha20-socks-tcp-latency-8,220,81.07859174918305,5.546875,600,60.34297005480208,33.65625,610,61.630303965589576,28.640625
vmess-chacha20-socks-udp-8,230,71.97294462159812,6.203125,720,58.227313868363616,35.828125,610,60.2384277450372,28.6875
vmess-auto-socks-upload-1,280,1160.5977078195272,5.40625,180,1690.1524685881698,32.625,200,1562.3525853966207,26.765625
vmess-auto-socks-download-1,200,1543.6813615423976,5.1875,140,1957.2077474264381,32.75,320,1049.9877210908594,26.78125
vmess-auto-socks-full-duplex-1,440,1531.9588839589767,5.40625,340,2277.2512676973,33.46875,420,1713.7224389668297,27.875
vmess-auto-socks-tcp-latency-1,50,18.625662468026324,5.1875,50,19.150646977858525,30.15625,50,19.118037516625044,24.40625
vmess-auto-socks-udp-1,30,17.247892750067553,5.71875,80,15.44941340067778,32.390625,50,16.495904001981742,24.5
vmess-auto-socks-upload-8,1610,2438.0212267365696,6.71875,1950,2801.2722672848704,37.515625,2000,2369.1373577682225,31.125
vmess-auto-socks-download-8,1380,2588.816629190807,5.6875,2090,2318.5813406845646,37.140625,3410,1801.693948075367,30.375
vmess-auto-socks-full-duplex-8,3100,1614.5329515873705,6.84375,3460,1622.8764293941279,37.984375,4150,1528.1007222729604,32.46875
vmess-auto-socks-tcp-latency-8,220,81.09998381270275,5.546875,560,64.10111771836942,33.703125,570,61.908689307108205,28.546875
vmess-auto-socks-udp-8,220,74.87363396858804,6.21875,640,61.67795173296377,35.375,470,70.16811077854915,28.53125
